url_path,views_total,views_unique
/Unity-Technologies/ECS-Network-Racing-Sample,492,320
/Unity-Technologies/ECS-Network-Racing-Sample/tree/master/Assets,250,68
/Unity-Technologies/ECS-Network-Racing-Sample/tree/master/Assets/Scripts,156,49
/Unity-Technologies/ECS-Network-Racing-Sample/tree/master/Assets/Scripts/Gameplay,145,33
/Unity-Technologies/ECS-Network-Racing-Sample/tree/master/Assets/Scripts/Components,64,17
/Unity-Technologies/ECS-Network-Racing-Sample/tree/master/Assets/Scripts/Gameplay/Player,59,13
/Unity-Technologies/ECS-Network-Racing-Sample/tree/master,48,17
/Unity-Technologies/ECS-Network-Racing-Sample/tree/master/ProjectSettings,42,12
/Unity-Technologies/ECS-Network-Racing-Sample/tree/master/Assets/Scripts/Authoring,39,13
/Unity-Technologies/ECS-Network-Racing-Sample/tree/master/Assets/Scripts/Gameplay/Race,39,12
